{"properties":{"connectionReferences":{"shared_commondataserviceforapps":{"runtimeSource":"embedded","connection":{},"api":{"name":"shared_commondataserviceforapps"}},"shared_office365groups":{"runtimeSource":"embedded","connection":{},"api":{"name":"shared_office365groups"}},"shared_commondataservice":{"runtimeSource":"embedded","connection":{},"api":{"name":"shared_commondataservice"}}},"definition":{"$schema":"https://schema.management.azure.com/providers/Microsoft.Logic/schemas/2016-06-01/workflowdefinition.json#","contentVersion":"1.0.0.0","parameters":{"$connections":{"defaultValue":{},"type":"Object"},"$authentication":{"defaultValue":{},"type":"SecureObject"}},"triggers":{"When_a_record_is_created,_updated_or_deleted":{"type":"OpenApiConnectionWebhook","inputs":{"host":{"connectionName":"shared_commondataserviceforapps","operationId":"SubscribeWebhookTrigger","apiId":"/providers/Microsoft.PowerApps/apis/shared_commondataserviceforapps"},"parameters":{"subscriptionRequest/message":1,"subscriptionRequest/entityname":"asft_swagrequest","subscriptionRequest/scope":4},"authentication":"@parameters('$authentication')"}}},"actions":{"Initialize_variable_contact_guid":{"runAfter":{},"type":"InitializeVariable","inputs":{"variables":[{"name":"Cotact Guid","type":"string"}]}},"List_records_contact_by_email_address":{"runAfter":{"Check_for_Expert,_both":["Succeeded"]},"type":"OpenApiConnection","inputs":{"host":{"connectionName":"shared_commondataserviceforapps","operationId":"ListRecords","apiId":"/providers/Microsoft.PowerApps/apis/shared_commondataserviceforapps"},"parameters":{"entityName":"contacts","$filter":"emailaddress1 eq '@{triggerOutputs()?['body/asft_emailaddress1']}' or emailaddress2 eq '@{triggerOutputs()?['body/asft_emailaddress1']}' or emailaddress1 eq '@{triggerOutputs()?['body/asft_emailaddress2']}' or emailaddress2 eq '@{triggerOutputs()?['body/asft_emailaddress2']}'"},"authentication":"@parameters('$authentication')"}},"Apply_to_each":{"foreach":"@outputs('List_records_contact_by_email_address')?['body/value']","actions":{"Set_variable":{"runAfter":{},"type":"SetVariable","inputs":{"name":"Cotact Guid","value":"@items('Apply_to_each')?['contactid']"}}},"runAfter":{"List_records_contact_by_email_address":["Succeeded"]},"type":"Foreach"},"Condition_Check_if_contact_does_not_exists":{"actions":{"Create_a_new_contact_record":{"runAfter":{"Add_member_to_group":["Succeeded"]},"type":"OpenApiConnection","inputs":{"host":{"connectionName":"shared_commondataserviceforapps","operationId":"CreateRecord","apiId":"/providers/Microsoft.PowerApps/apis/shared_commondataserviceforapps"},"parameters":{"entityName":"contacts","item/lastname":"@triggerOutputs()?['body/asft_name']","item/address1_city":"@variables('City')","item/emailaddress1":"@triggerOutputs()?['body/asft_emailaddress1']","item/mobilephone":"@triggerOutputs()?['body/asft_mobilephone']","item/address1_country":"@variables('Country')","item/emailaddress2":"@triggerOutputs()?['body/asft_emailaddress2']"},"authentication":"@parameters('$authentication')"}},"Set_Variable_contact_guid":{"runAfter":{"Create_a_new_contact_record":["Succeeded"]},"type":"SetVariable","inputs":{"name":"Cotact Guid","value":"@outputs('Create_a_new_contact_record')?['body/contactid']"}},"Condition_2_City_Check":{"actions":{"Set_variable_2":{"runAfter":{},"type":"SetVariable","inputs":{"name":"City","value":"@triggerOutputs()?['body/asft_field1']"}}},"runAfter":{},"expression":{"and":[{"not":{"equals":["@triggerOutputs()?['body/asft_field1']","None"]}},{"not":{"equals":["@triggerOutputs()?['body/asft_field1']","N/A"]}}]},"type":"If"},"Condition_2_Country_Check_2":{"actions":{"Set_variable_5":{"runAfter":{},"type":"SetVariable","inputs":{"name":"Country","value":"@triggerOutputs()?['body/asft_field2']"}}},"runAfter":{"Condition_2_City_Check":["Succeeded"]},"expression":{"not":{"equals":["@triggerOutputs()?['body/asft_field2']","N/A"]}},"type":"If"},"Add_member_to_group":{"runAfter":{"Condition_2_Country_Check_2":["Succeeded"]},"type":"OpenApiConnection","inputs":{"host":{"connectionName":"shared_office365groups","operationId":"AddMemberToGroup","apiId":"/providers/Microsoft.PowerApps/apis/shared_office365groups"},"parameters":{"groupId":"a5b702e9-228f-41c4-b801-511407958daf","userUpn":"@triggerOutputs()?['body/asft_emailaddress1']"},"authentication":"@parameters('$authentication')"}}},"runAfter":{"Apply_to_each":["Succeeded"]},"expression":{"or":[{"equals":["@variables('Cotact Guid')",""]},{"equals":["@variables('Cotact Guid')","@null"]}]},"type":"If"},"List_records_Swag":{"runAfter":{"Condition_Check_if_contact_does_not_exists":["Succeeded"]},"type":"OpenApiConnection","inputs":{"host":{"connectionName":"shared_commondataserviceforapps","operationId":"ListRecords","apiId":"/providers/Microsoft.PowerApps/apis/shared_commondataserviceforapps"},"parameters":{"entityName":"asft_swags","$filter":"_asft_swagbox_value eq @{triggerOutputs()?['body/_asft_swagbox_value']}"},"authentication":"@parameters('$authentication')"}},"Apply_to_each_of_swag_record":{"foreach":"@outputs('List_records_Swag')?['body/value']","actions":{"Set_variable_swag_guid":{"runAfter":{},"type":"SetVariable","inputs":{"name":"Swag Guid","value":"@items('Apply_to_each_of_swag_record')?['asft_swagid']"}},"List_records_my_swag":{"runAfter":{"Set_variable_swag_guid":["Succeeded"]},"type":"OpenApiConnection","inputs":{"host":{"connectionName":"shared_commondataserviceforapps","operationId":"ListRecords","apiId":"/providers/Microsoft.PowerApps/apis/shared_commondataserviceforapps"},"parameters":{"entityName":"asft_myswags","$filter":"_asft_swag_value eq @{variables('Swag Guid')} and _asft_contact_value eq @{variables('Cotact Guid')}"},"authentication":"@parameters('$authentication')"}},"Condition":{"actions":{"Update_a_record":{"runAfter":{},"type":"OpenApiConnection","inputs":{"host":{"connectionName":"shared_commondataserviceforapps","operationId":"UpdateRecord","apiId":"/providers/Microsoft.PowerApps/apis/shared_commondataserviceforapps"},"parameters":{"entityName":"asft_swagrequests","recordId":"@triggerOutputs()?['body/asft_swagrequestid']","item/asft_swagrequeststatus":301000004},"authentication":"@parameters('$authentication')"}}},"runAfter":{"List_records_my_swag":["Succeeded"]},"else":{"actions":{"Create_a_new_record_my_swag":{"runAfter":{},"type":"OpenApiConnection","inputs":{"host":{"connectionName":"shared_commondataservice","operationId":"PostItem_V2","apiId":"/providers/Microsoft.PowerApps/apis/shared_commondataservice"},"parameters":{"dataset":"default.cds","table":"asft_myswags","item/_asft_contact_value":"@variables('Cotact Guid')","item/_asft_swag_value":"@variables('Swag Guid')","item/_ownerid_type":""},"authentication":"@parameters('$authentication')"}}}},"expression":{"and":[{"not":{"equals":["@outputs('List_records_my_swag')?['body/value']","@null"]}},{"greater":["@length(outputs('List_records_my_swag')?['body/value'])",0]}]},"type":"If"}},"runAfter":{"List_records_Swag":["Succeeded"]},"type":"Foreach"},"Initialize_variable_swag_guid":{"runAfter":{"Initialize_variable_contact_guid":["Succeeded"]},"type":"InitializeVariable","inputs":{"variables":[{"name":"Swag Guid","type":"string"}]}},"Check_for_Expert,_both":{"actions":{},"runAfter":{"Initialize_variable_City":["Succeeded"]},"else":{"actions":{"Condition_2_Check_for_Hacker":{"actions":{},"runAfter":{},"else":{"actions":{"Terminate":{"runAfter":{},"type":"Terminate","inputs":{"runStatus":"Cancelled"}}}},"expression":{"and":[{"equals":["@triggerOutputs()?['body/asft_field3']","Hacker"]},{"equals":["@triggerOutputs()?['body/asft_field4']","TRUE"]}]},"type":"If"}}},"expression":{"or":[{"equals":["@triggerOutputs()?['body/asft_field3']","Expert"]},{"equals":["@triggerOutputs()?['body/asft_field3']","Both"]}]},"type":"If"},"Initialize_variable_Country":{"runAfter":{"Initialize_variable_swag_guid":["Succeeded"]},"type":"InitializeVariable","inputs":{"variables":[{"name":"Country","type":"string"}]}},"Initialize_variable_City":{"runAfter":{"Initialize_variable_Country":["Succeeded"]},"type":"InitializeVariable","inputs":{"variables":[{"name":"City","type":"string"}]}},"Update_a_record_Swag_status_to_processed":{"runAfter":{"Apply_to_each_of_swag_record":["Succeeded"]},"type":"OpenApiConnection","inputs":{"host":{"connectionName":"shared_commondataserviceforapps","operationId":"UpdateRecord","apiId":"/providers/Microsoft.PowerApps/apis/shared_commondataserviceforapps"},"parameters":{"entityName":"asft_swagrequests","recordId":"@triggerOutputs()?['body/asft_swagrequestid']","item/asft_swagrequeststatus":301000002},"authentication":"@parameters('$authentication')"}}},"outputs":{}}},"schemaVersion":"1.0.0.0"}