{"properties":{"connectionReferences":{"shared_visualstudioteamservices_1":{"runtimeSource":"embedded","connection":{},"api":{"name":"shared_visualstudioteamservices"}},"shared_office365_1":{"runtimeSource":"embedded","connection":{},"api":{"name":"shared_office365"}}},"definition":{"$schema":"https://schema.management.azure.com/providers/Microsoft.Logic/schemas/2016-06-01/workflowdefinition.json#","contentVersion":"1.0.0.0","parameters":{"$connections":{"defaultValue":{},"type":"Object"},"$authentication":{"defaultValue":{},"type":"SecureObject"}},"staticResults":{"Send_an_email_(V2)0":{"status":"Succeeded","outputs":{"statusCode":"OK","headers":{}}}},"triggers":{"Recurrence":{"recurrence":{"frequency":"Day","interval":1,"timeZone":"India Standard Time","schedule":{"hours":["10"]}},"type":"Recurrence"}},"actions":{"Get_query_results":{"runAfter":{"Initialize_variable_child_Task":["Succeeded"]},"metadata":{"3ba2fbdc-6840-495a-a4a0-b6ba4b87a5d3":"My Queries/Current Sprint","ca98df57-a444-4e48-8d0f-a6f3b68a1aa7":"My Queries/Current Sprint - 1","0e3e1919-cbbb-48b8-8612-5138b6919b6f":"Shared Queries/1Scrum Automation/Current Sprint- CRM"},"type":"OpenApiConnection","inputs":{"host":{"apiId":"/providers/Microsoft.PowerApps/apis/shared_visualstudioteamservices","connectionName":"shared_visualstudioteamservices_1","operationId":"GetQueryResultsV2"},"parameters":{"account":"dspdeppm","project":"MCOI BOSE Compass","queryId":"0e3e1919-cbbb-48b8-8612-5138b6919b6f","workItemsCount":200},"authentication":"@parameters('$authentication')"}},"Initialize_variable_workItems":{"runAfter":{},"type":"InitializeVariable","inputs":{"variables":[{"name":"workItems","type":"string"}]}},"Initialize_variable_temp":{"runAfter":{"Initialize_variable_workItems":["Succeeded"]},"type":"InitializeVariable","inputs":{"variables":[{"name":"tempVariable","type":"string"}]}},"Send_Email_for_error_work_items":{"actions":{"Send_an_email_(V2)":{"runAfter":{},"type":"OpenApiConnection","inputs":{"host":{"apiId":"/providers/Microsoft.PowerApps/apis/shared_office365","connectionName":"shared_office365_1","operationId":"SendEmailV2"},"parameters":{"emailMessage/To":"compengg@microsoft.com","emailMessage/Subject":"Update VSO WorkItems - Automated Mailer","emailMessage/Body":"<p>Hi,<br>\n<br>\nWe found that listed work items are missing some of the below information<br>\n<br>\n1. &nbsp;User Story Description or Acceptance criteria<br>\n2. &nbsp;User Story parent linking<br>\n3. &nbsp;User story points<br>\n4. &nbsp;User story is not assigned<br>\n5. &nbsp;Child Tasks are not created or not assigned.<br>\n6. &nbsp;Child Tasks have incorrect original or remaining estimates.<br>\n<br>\n<br>\nIncomplete work items are as below<br>\n@{variables('workItems')}</p>","emailMessage/Cc":"swaroopg@microsoft.com;dekansal@microsoft.com","emailMessage/Importance":"High"},"authentication":"@parameters('$authentication')"},"runtimeConfiguration":{"staticResult":{"staticResultOptions":"Disabled","name":"Send_an_email_(V2)0"}}}},"runAfter":{"Apply_to_each_of_Sprint_Items":["Succeeded"]},"expression":{"equals":["@empty(variables('workItems'))","@false"]},"type":"If"},"Initialize_variable_Vso_Edit":{"runAfter":{"Initialize_variable_temp":["Succeeded"]},"type":"InitializeVariable","inputs":{"variables":[{"name":"VsoEditPath","type":"string","value":"https://dspdeppm.visualstudio.com/MCOI%20BOSE%20Compass/_workitems/edit/"}]}},"Initialize_variable_child_Task":{"runAfter":{"Initialize_variable_Vso_Edit":["Succeeded"]},"type":"InitializeVariable","inputs":{"variables":[{"name":"IsChildTaskValid","type":"boolean","value":"@true"}]}},"Apply_to_each_of_Sprint_Items":{"foreach":"@outputs('Get_query_results')?['body/value']","actions":{"List_work_items":{"runAfter":{},"type":"OpenApiConnection","inputs":{"host":{"apiId":"/providers/Microsoft.PowerApps/apis/shared_visualstudioteamservices","connectionName":"shared_visualstudioteamservices_1","operationId":"ListWorkItems"},"parameters":{"account":"dspdeppm","project":"MCOI BOSE Compass","workItemIds":"@items('Apply_to_each_of_Sprint_Items')?['System.Id']"},"authentication":"@parameters('$authentication')"}},"Apply_to_each_of_Work_Items":{"foreach":"@outputs('List_work_items')?['body/value']","actions":{"Parse_JSON":{"runAfter":{},"type":"ParseJson","inputs":{"content":"@items('Apply_to_each_of_Work_Items')","schema":{"type":"object","properties":{"System.Id":{"type":"integer"},"System.AreaId":{"type":"integer"},"System.AreaPath":{"type":"string"},"System.TeamProject":{"type":"string"},"System.NodeName":{"type":"string"},"System.AreaLevel1":{"type":"string"},"System.AreaLevel2":{"type":"string"},"System.Rev":{"type":"integer"},"System.AuthorizedDate":{"type":"string"},"System.RevisedDate":{"type":"string"},"System.IterationId":{"type":"integer"},"System.IterationPath":{"type":"string"},"System.IterationLevel1":{"type":"string"},"System.IterationLevel2":{"type":"string"},"System.WorkItemType":{"type":"string"},"System.State":{"type":"string"},"System.Reason":{"type":"string"},"System.AssignedTo":{"type":"string"},"System.CreatedDate":{"type":"string"},"System.CreatedBy":{"type":"string"},"System.ChangedDate":{"type":"string"},"System.ChangedBy":{"type":"string"},"System.AuthorizedAs":{"type":"string"},"System.PersonId":{"type":"integer"},"System.Watermark":{"type":"integer"},"System.CommentCount":{"type":"integer"},"System.Title":{"type":"string"},"System.BoardColumn":{"type":"string"},"System.BoardColumnDone":{"type":"boolean"},"Microsoft.VSTS.Scheduling.StoryPoints":{"type":"integer"},"Microsoft.VSTS.Common.StateChangeDate":{"type":"string"},"Microsoft.VSTS.Common.ActivatedDate":{"type":"string"},"Microsoft.VSTS.Common.ActivatedBy":{"type":"string"},"Microsoft.VSTS.Common.Priority":{"type":"integer"},"Microsoft.VSTS.Common.StackRank":{"type":"integer"},"Microsoft.VSTS.Common.ValueArea":{"type":"string"},"DSPDAgile.SecurityRating":{"type":"string"},"DSPDAgile.IsException":{"type":"boolean"},"WEF_CBCDF599DC36427482838C730C0FBDB4_System.ExtensionMarker":{"type":"boolean"},"WEF_CBCDF599DC36427482838C730C0FBDB4_Kanban.Column":{"type":"string"},"WEF_CBCDF599DC36427482838C730C0FBDB4_Kanban.Column.Done":{"type":"boolean"},"System.Description":{"type":"string"},"Microsoft.VSTS.Common.AcceptanceCriteria":{"type":"string"},"System.Parent":{"type":"integer"},"Vsts.AssignedToEmail":{"type":"string"},"Vsts.WorkItemUrl":{"type":"string"}}}}},"Condition":{"actions":{"Set_variable_VsoPath_with_workitem":{"runAfter":{},"type":"SetVariable","inputs":{"name":"tempVariable","value":"https://dspdeppm.visualstudio.com/MCOI%20BOSE%20Compass/_workitems/edit/@{body('Parse_JSON')?['System.Id']}  --   @{body('Parse_JSON')?['System.AssignedTo']}<br/> @{variables('workItems')}"}},"Set_variable_workItems":{"runAfter":{"Set_variable_VsoPath_with_workitem":["Succeeded"]},"type":"SetVariable","inputs":{"name":"workItems","value":"@variables('tempVariable')"}}},"runAfter":{"Perform_User_Story_children_Work_Item_check_only_if_its_not_closed":["Succeeded"]},"expression":{"or":[{"equals":["@empty(body('Parse_JSON')?['System.Description'])","@true"]},{"equals":["@empty(body('Parse_JSON')?['Microsoft.VSTS.Common.AcceptanceCriteria'])","@true"]},{"equals":["@body('Parse_JSON')?['System.Parent']","@null"]},{"equals":["@body('Parse_JSON')?['Microsoft.VSTS.Scheduling.StoryPoints']","@null"]},{"equals":["@body('Parse_JSON')?['System.AssignedTo']","@null"]},{"equals":["@variables('IsChildTaskValid')","@false"]}]},"type":"If"},"Perform_User_Story_children_Work_Item_check_only_if_its_not_closed":{"actions":{"Get_work_item_children":{"runAfter":{},"type":"OpenApiConnection","inputs":{"host":{"apiId":"/providers/Microsoft.PowerApps/apis/shared_visualstudioteamservices","connectionName":"shared_visualstudioteamservices_1","operationId":"GetWorkItemChildren"},"parameters":{"account":"dspdeppm","project":"MCOI BOSE Compass","id":"@body('Parse_JSON')?['System.Id']","workItemType":"Task"},"authentication":"@parameters('$authentication')"}},"Work_Item_Health":{"actions":{"Set_variable":{"runAfter":{},"type":"SetVariable","inputs":{"name":"IsChildTaskValid","value":"@false"}}},"runAfter":{"Get_work_item_children":["Succeeded"]},"else":{"actions":{"Apply_to_each_of_child_work_item_task":{"foreach":"@outputs('Get_work_item_children')?['body/value']","actions":{"Ignore_if_task_is_closed":{"actions":{"Condition_check_child_work_item":{"actions":{"Set_variable_2":{"runAfter":{},"type":"SetVariable","inputs":{"name":"IsChildTaskValid","value":"@false"}}},"runAfter":{},"expression":{"or":[{"equals":["@items('Apply_to_each_of_child_work_item_task')?['System.AssignedTo']","@null"]},{"equals":["@items('Apply_to_each_of_child_work_item_task')?['Microsoft.VSTS.Scheduling.OriginalEstimate']","@null"]},{"equals":["@items('Apply_to_each_of_child_work_item_task')?['Microsoft.VSTS.Scheduling.OriginalEstimate']",0]},{"equals":["@items('Apply_to_each_of_child_work_item_task')?['Microsoft.VSTS.Scheduling.RemainingWork']","@null"]}]},"type":"If"}},"runAfter":{},"expression":{"not":{"equals":["@items('Apply_to_each_of_child_work_item_task')?['System.State']","Closed"]}},"type":"If"}},"runAfter":{},"type":"Foreach"}}},"expression":{"or":[{"equals":["@outputs('Get_work_item_children')?['body/value']","@null"]},{"equals":["@length(outputs('Get_work_item_children')?['body/value'])",0]}]},"type":"If"}},"runAfter":{"Parse_JSON":["Succeeded"]},"expression":{"not":{"equals":["@items('Apply_to_each_of_Sprint_Items')?['System.State']","Closed"]}},"type":"If"}},"runAfter":{"Set_variable_Is_Child_Task_Valid_to_true_initially":["Succeeded"]},"type":"Foreach"},"Set_variable_Is_Child_Task_Valid_to_true_initially":{"runAfter":{"List_work_items":["Succeeded"]},"type":"SetVariable","inputs":{"name":"IsChildTaskValid","value":"@true"}}},"runAfter":{"Get_query_results":["Succeeded"]},"type":"Foreach"}}}},"schemaVersion":"1.0.0.0"}