{"properties":{"connectionReferences":{"shared_visualstudioteamservices":{"runtimeSource":"embedded","connection":{},"api":{"name":"shared_visualstudioteamservices"}}},"definition":{"$schema":"https://schema.management.azure.com/providers/Microsoft.Logic/schemas/2016-06-01/workflowdefinition.json#","contentVersion":"1.0.0.0","parameters":{"$connections":{"defaultValue":{},"type":"Object"},"$authentication":{"defaultValue":{},"type":"SecureObject"}},"triggers":{"manual":{"type":"Request","kind":"Button","inputs":{"schema":{"type":"object","properties":{},"required":[]}}}},"actions":{"Initialize_variable":{"runAfter":{},"type":"InitializeVariable","inputs":{"variables":[{"name":"Team Name","type":"string","value":"MCOI CRM"}]}},"List_iterations":{"runAfter":{"Initialize_variable_current_iteration":["Succeeded"]},"type":"OpenApiConnection","inputs":{"host":{"apiId":"/providers/Microsoft.PowerApps/apis/shared_visualstudioteamservices","connectionName":"shared_visualstudioteamservices","operationId":"ListIterations"},"parameters":{"account":"dspdeppm","project":"MCOI BOSE Compass","team":"MCOI CRM"},"authentication":"@parameters('$authentication')"}},"Initialize_variable_current_iteration":{"runAfter":{"Initialize_variable":["Succeeded"]},"type":"InitializeVariable","inputs":{"variables":[{"name":"current iteration","type":"string"}]}},"Filter_array_start_date":{"runAfter":{"List_iterations":["Succeeded"]},"type":"Query","inputs":{"from":"@outputs('List_iterations')?['body/value']","where":"@lessOrEquals(formatDateTime(utcnow(), 'yyyy-MM-dd'), item()?['Attributes/StartDate'])"}},"Filter_array_end_date":{"runAfter":{"Filter_array_start_date":["Succeeded"]},"type":"Query","inputs":{"from":"@body('Filter_array_start_date')","where":"@greaterOrEquals(item()?['Attributes']?['FinishDate'], utcNow())"}},"Apply_to_each":{"foreach":"@body('Filter_array_end_date')","actions":{"Condition":{"actions":{"Set_variable":{"runAfter":{},"type":"SetVariable","inputs":{"name":"current iteration","value":"@items('Apply_to_each')?['Name']"}}},"runAfter":{},"expression":{"equals":["@variables('current iteration')",""]},"type":"If"}},"runAfter":{"Filter_array_end_date":["Succeeded"]},"type":"Foreach"},"Set_variable_2":{"runAfter":{"Apply_to_each":["Succeeded"]},"type":"SetVariable","inputs":{"name":"Team Name","value":"@variables('current iteration')"}},"Respond_to_a_PowerApp_or_flow":{"runAfter":{"Set_variable_2":["Succeeded"]},"type":"Response","kind":"PowerApp","inputs":{"statusCode":200,"body":{"currentiteration":"@variables('current iteration')"},"schema":{"type":"object","properties":{"currentiteration":{"title":"currentiteration","x-ms-dynamically-added":true,"type":"string"}}}}}},"outputs":{}}},"schemaVersion":"1.0.0.0"}