{"properties":{"connectionReferences":{"shared_visualstudioteamservices":{"runtimeSource":"embedded","connection":{},"api":{"name":"shared_visualstudioteamservices"}},"shared_office365":{"runtimeSource":"embedded","connection":{},"api":{"name":"shared_office365"}}},"definition":{"$schema":"https://schema.management.azure.com/providers/Microsoft.Logic/schemas/2016-06-01/workflowdefinition.json#","contentVersion":"1.0.0.0","parameters":{"$connections":{"defaultValue":{},"type":"Object"},"$authentication":{"defaultValue":{},"type":"SecureObject"}},"triggers":{"When_a_work_item_is_closed":{"recurrence":{"frequency":"Minute","interval":1},"splitOn":"@triggerOutputs()?['body/value']","type":"OpenApiConnection","inputs":{"host":{"apiId":"/providers/Microsoft.PowerApps/apis/shared_visualstudioteamservices","connectionName":"shared_visualstudioteamservices","operationId":"OnWorkItemClosedV2"},"parameters":{"account":"dspdeppm","project":"MCOI BOSE Compass","team":"MCOI CRM","closedState":"Done, Closed, Completed, Inactive","wiql__System_WorkItemType":"Task","areaPathComparison":"Equals","iterationPathComparison":"Equals"},"authentication":"@parameters('$authentication')"}}},"actions":{"Condition":{"actions":{"Send_an_email_(V2)":{"runAfter":{},"type":"OpenApiConnection","inputs":{"host":{"apiId":"/providers/Microsoft.PowerApps/apis/shared_office365","connectionName":"shared_office365","operationId":"SendEmailV2"},"parameters":{"emailMessage/To":"@triggerOutputs()?['body/fields/Vsts_AssignedToEmail']","emailMessage/Subject":"Incorrect Complete Hours, Please give some value","emailMessage/Body":"<p>issue with work item@{triggerOutputs()?['body/url']}, please update right hours , completed hours should not be zero or empty</p>"},"authentication":"@parameters('$authentication')"}}},"runAfter":{},"expression":{"or":[{"equals":["@triggerOutputs()?['body/fields/Microsoft_VSTS_Scheduling_CompletedWork']","@null"]},{"lessOrEquals":["@triggerOutputs()?['body/fields/Microsoft_VSTS_Scheduling_CompletedWork']",0]}]},"type":"If"}},"outputs":{}}},"schemaVersion":"1.0.0.0"}