{"properties":{"connectionReferences":{"shared_visualstudioteamservices":{"runtimeSource":"embedded","connection":{},"api":{"name":"shared_visualstudioteamservices"}}},"definition":{"$schema":"https://schema.management.azure.com/providers/Microsoft.Logic/schemas/2016-06-01/workflowdefinition.json#","contentVersion":"1.0.0.0","parameters":{"$connections":{"defaultValue":{},"type":"Object"},"$authentication":{"defaultValue":{},"type":"SecureObject"}},"triggers":{"Recurrence":{"recurrence":{"frequency":"Minute","interval":1},"type":"Recurrence"}},"actions":{"Send_an_HTTP_request_to_Azure_DevOps":{"runAfter":{},"type":"OpenApiConnection","inputs":{"host":{"apiId":"/providers/Microsoft.PowerApps/apis/shared_visualstudioteamservices","connectionName":"shared_visualstudioteamservices","operationId":"HttpRequest"},"parameters":{"account":"dspdeppm","parameters/Method":"GET","parameters/Uri":"/MCOI%20BOSE%20Compass/_apis/git/repositories/18bf4460-5ee2-4020-ac83-2bcb982a8f5b/stats/branches"},"authentication":"@parameters('$authentication')"}},"Parse_JSON_Branches":{"runAfter":{"Send_an_HTTP_request_to_Azure_DevOps":["Succeeded"]},"type":"ParseJson","inputs":{"content":"@outputs('Send_an_HTTP_request_to_Azure_DevOps')?['body']","schema":{"type":"object","properties":{"count":{"type":"integer"},"value":{"type":"array","items":{"type":"object","properties":{"commit":{"type":"object","properties":{"commitId":{"type":"string"},"author":{"type":"object","properties":{"name":{"type":"string"},"email":{"type":"string"},"date":{"type":"string"}}},"committer":{"type":"object","properties":{"name":{"type":"string"},"email":{"type":"string"},"date":{"type":"string"}}},"comment":{"type":"string"},"url":{"type":"string"}}},"name":{"type":"string"},"aheadCount":{"type":"integer"},"behindCount":{"type":"integer"},"isBaseVersion":{"type":"boolean"}},"required":["commit","name","aheadCount","behindCount","isBaseVersion"]}}}}}},"Apply_to_each_2":{"foreach":"@body('Parse_JSON_Branches')?['value']","actions":{"Apply_to_each":{"foreach":"@items('Apply_to_each_2')?['commit']","actions":{},"runAfter":{},"type":"Foreach"}},"runAfter":{"Parse_JSON_Branches":["Succeeded"]},"type":"Foreach"}},"outputs":{}}},"schemaVersion":"1.0.0.0"}