{"properties":{"connectionReferences":{"shared_commondataserviceforapps":{"runtimeSource":"embedded","connection":{"connectionReferenceLogicalName":"mma_sharedcommondataserviceforapps_c879f"},"api":{"name":"shared_commondataserviceforapps"}},"shared_commondataservice":{"runtimeSource":"embedded","connection":{"connectionReferenceLogicalName":"mma_sharedcommondataservice_4d3ff"},"api":{"name":"shared_commondataservice"}},"shared_teams":{"runtimeSource":"embedded","connection":{"connectionReferenceLogicalName":"asft_sharedteams_c9469"},"api":{"name":"shared_teams"}}},"definition":{"$schema":"https://schema.management.azure.com/providers/Microsoft.Logic/schemas/2016-06-01/workflowdefinition.json#","contentVersion":"1.0.0.0","parameters":{"$connections":{"defaultValue":{},"type":"Object"},"$authentication":{"defaultValue":{},"type":"SecureObject"}},"triggers":{"When_a_row_is_added,_modified_or_deleted":{"type":"OpenApiConnectionWebhook","inputs":{"host":{"connectionName":"shared_commondataserviceforapps","operationId":"SubscribeWebhookTrigger","apiId":"/providers/Microsoft.PowerApps/apis/shared_commondataserviceforapps"},"parameters":{"subscriptionRequest/message":3,"subscriptionRequest/entityname":"mma_mentoringrequest","subscriptionRequest/scope":4,"subscriptionRequest/filteringattributes":"mma_status"},"authentication":"@parameters('$authentication')"}}},"actions":{"Initialize_variable_Team":{"runAfter":{},"type":"InitializeVariable","inputs":{"variables":[{"name":"Team Id","type":"string"}]}},"Initialize_variable_Channel":{"runAfter":{"Initialize_variable_Team":["Succeeded"]},"type":"InitializeVariable","inputs":{"variables":[{"name":"Team Channel","type":"string","value":"@triggerOutputs()?['body/_mma_skills_value']"}]}},"Condition_if_Request_Approved":{"actions":{"Get_Team_Id":{"actions":{"Apply_to_each":{"foreach":"@outputs('List_rows')?['body/value']","actions":{"Apply_to_each_2":{"foreach":"@outputs('List_rows')?['body/value']","actions":{"Set_variable_Teams_Id":{"runAfter":{},"type":"SetVariable","inputs":{"name":"Team Id","value":"@items('Apply_to_each_2')?['mma_teamid']"}},"Condition":{"actions":{"Delete_a_row":{"runAfter":{},"type":"OpenApiConnection","inputs":{"host":{"connectionName":"shared_commondataserviceforapps","operationId":"DeleteRecord","apiId":"/providers/Microsoft.PowerApps/apis/shared_commondataserviceforapps"},"parameters":{"entityName":"mma_contactteamses","recordId":"@items('Apply_to_each_2')?['mma_contactteamsid']"},"authentication":"@parameters('$authentication')"}}},"runAfter":{"Set_variable_Teams_Id":["Succeeded"]},"expression":{"or":[{"equals":["@items('Apply_to_each_2')?['mma_teamid']",""]},{"equals":["@items('Apply_to_each_2')?['mma_teamid']","@null"]}]},"type":"If"}},"runAfter":{},"type":"Foreach"}},"runAfter":{},"type":"Foreach"}},"runAfter":{"List_rows":["Succeeded"]},"expression":{"greater":["@length(outputs('List_rows')?['body/value'])",0]},"type":"If"},"Condition_check_if_mentor_or_mentee_is_null,_throw_error":{"actions":{"Terminate_2":{"runAfter":{},"type":"Terminate","inputs":{"runStatus":"Failed","runError":{"code":"Mentor Mentee information is missing in Mentoring Request"}}}},"runAfter":{},"expression":{"or":[{"equals":["@triggerOutputs()?['body/_mma_mentor_value']","@null"]},{"equals":["@triggerOutputs()?['body/_mma_mentee_value']","@null"]}]},"type":"If"},"List_rows":{"runAfter":{"Condition_check_if_mentor_or_mentee_is_null,_throw_error":["Succeeded"]},"type":"OpenApiConnection","inputs":{"host":{"connectionName":"shared_commondataserviceforapps","operationId":"ListRecords","apiId":"/providers/Microsoft.PowerApps/apis/shared_commondataserviceforapps"},"parameters":{"entityName":"mma_contactteamses","$filter":"((_mma_from_value eq @{triggerOutputs()?['body/_mma_mentor_value']} and _mma_to_value eq @{triggerOutputs()?['body/_mma_mentee_value']}) or (_mma_from_value eq @{triggerOutputs()?['body/_mma_mentee_value']} and _mma_to_value eq @{triggerOutputs()?['body/_mma_mentor_value']}))"},"authentication":"@parameters('$authentication')"}}},"runAfter":{"Initialize_variable_Channel":["Succeeded"]},"else":{"actions":{"Terminate":{"runAfter":{},"type":"Terminate","inputs":{"runStatus":"Cancelled"}}}},"expression":{"equals":["@triggerOutputs()?['body/mma_status']",174890001]},"type":"If"},"Create_Team":{"actions":{"Get_a_row_by_ID_Mentor":{"runAfter":{},"type":"OpenApiConnection","inputs":{"host":{"connectionName":"shared_commondataserviceforapps","operationId":"GetItem","apiId":"/providers/Microsoft.PowerApps/apis/shared_commondataserviceforapps"},"parameters":{"entityName":"contacts","recordId":"@triggerOutputs()?['body/_mma_mentor_value']"},"authentication":"@parameters('$authentication')"}},"Get_a_row_by_ID_Mentee":{"runAfter":{"Get_a_row_by_ID_Mentor":["Succeeded"]},"type":"OpenApiConnection","inputs":{"host":{"connectionName":"shared_commondataserviceforapps","operationId":"GetItem","apiId":"/providers/Microsoft.PowerApps/apis/shared_commondataserviceforapps"},"parameters":{"entityName":"contacts","recordId":"@triggerOutputs()?['body/_mma_mentee_value']"},"authentication":"@parameters('$authentication')"}},"Create_a_new_record":{"runAfter":{"Create_a_team":["Succeeded"]},"type":"OpenApiConnection","inputs":{"host":{"connectionName":"shared_commondataservice","operationId":"PostItem_V2","apiId":"/providers/Microsoft.PowerApps/apis/shared_commondataservice"},"parameters":{"dataset":"default.cds","table":"mma_contactteamses","item/mma_name":"@triggerOutputs()?['body/mma_requestid']","item/mma_teamid":"@outputs('Create_a_team')?['body/newTeamId']","item/_mma_from_value":"@outputs('Get_a_row_by_ID_Mentor')?['body/contactid']","item/_ownerid_type":"","item/_mma_to_value":"@outputs('Get_a_row_by_ID_Mentee')?['body/contactid']"},"authentication":"@parameters('$authentication')"}},"Create_a_team":{"runAfter":{"Get_a_row_by_ID_Mentee":["Succeeded"]},"type":"OpenApiConnection","inputs":{"host":{"connectionName":"shared_teams","operationId":"CreateATeam","apiId":"/providers/Microsoft.PowerApps/apis/shared_teams"},"parameters":{"body/displayName":"Mentor Mentee @{outputs('Get_a_row_by_ID_Mentee')?['body/fullname']} @{outputs('Get_a_row_by_ID_Mentor')?['body/fullname']}","body/description":"Team for mentor mentee communication","body/visibility":"Private"},"authentication":"@parameters('$authentication')"}},"Set_variable":{"runAfter":{"Create_a_new_record":["Succeeded"]},"type":"SetVariable","inputs":{"name":"Team Id","value":"@outputs('Create_a_new_record')?['body/mma_teamid']"}}},"runAfter":{"Condition_if_Request_Approved":["Succeeded"]},"expression":{"or":[{"equals":["@variables('Team Id')",""]},{"equals":["@variables('Team Id')","@null"]}]},"type":"If"},"Create_Channel":{"actions":{"Get_a_row_by_ID":{"runAfter":{},"type":"OpenApiConnection","inputs":{"host":{"connectionName":"shared_commondataserviceforapps","operationId":"GetItem","apiId":"/providers/Microsoft.PowerApps/apis/shared_commondataserviceforapps"},"parameters":{"entityName":"mma_skillses","recordId":"@variables('Team Channel')"},"authentication":"@parameters('$authentication')"}},"Create_a_channel":{"runAfter":{"Get_a_row_by_ID":["Succeeded"]},"type":"OpenApiConnection","inputs":{"host":{"connectionName":"shared_teams","operationId":"CreateChannel","apiId":"/providers/Microsoft.PowerApps/apis/shared_teams"},"parameters":{"groupId":"@variables('Team Id')","body/displayName":"@replace(outputs('Get_a_row_by_ID')?['body/mma_name'],'#','')"},"authentication":"@parameters('$authentication')"}}},"runAfter":{"Create_Team":["Succeeded"]},"expression":{"and":[{"not":{"equals":["@variables('Team Channel')",""]}},{"not":{"equals":["@variables('Team Channel')","@null"]}}]},"type":"If"},"Add_a_member_to_a_team_-_Mentor":{"runAfter":{"Get_a_team":["Succeeded"]},"type":"OpenApiConnection","inputs":{"host":{"connectionName":"shared_teams","operationId":"AddMemberToTeam","apiId":"/providers/Microsoft.PowerApps/apis/shared_teams"},"parameters":{"teamId":"@outputs('Get_a_team')?['body/id']","body/userId":"@outputs('Get_a_row_by_ID_Mentor')?['body/emailaddress1']","body/owner":true},"authentication":"@parameters('$authentication')"}},"Add_a_member_to_a_team_-_Mentee":{"runAfter":{"Add_a_member_to_a_team_-_Mentor":["Succeeded"]},"type":"OpenApiConnection","inputs":{"host":{"connectionName":"shared_teams","operationId":"AddMemberToTeam","apiId":"/providers/Microsoft.PowerApps/apis/shared_teams"},"parameters":{"teamId":"@outputs('Get_a_team')?['body/id']","body/userId":"@outputs('Get_a_row_by_ID_Mentee')?['body/emailaddress1']","body/owner":true},"authentication":"@parameters('$authentication')"}},"Get_a_team":{"runAfter":{"Create_Channel":["Succeeded"]},"type":"OpenApiConnection","inputs":{"host":{"connectionName":"shared_teams","operationId":"GetTeam","apiId":"/providers/Microsoft.PowerApps/apis/shared_teams"},"parameters":{"teamId":"@outputs('Create_a_team')?['body/newTeamId']"},"authentication":"@parameters('$authentication')"}}}}},"schemaVersion":"1.0.0.0"}