<ImportExportXml version="9.2.21033.172" SolutionPackageVersion="9.2" languagecode="1033" generatedBy="CrmLive" xmlns:xsi="http://www.w3.org/2001/XMLSchema-instance">
  <SolutionManifest>
    <UniqueName>MentorMenteeFlows</UniqueName>
    <LocalizedNames>
      <LocalizedName description="Mentor Mentee Flows" languagecode="1033" />
    </LocalizedNames>
    <Descriptions />
    <Version>1.0.0.9</Version>
    <Managed>0</Managed>
    <Publisher>
      <UniqueName>mentoringapp</UniqueName>
      <LocalizedNames>
        <LocalizedName description="Mentoring App" languagecode="1033" />
      </LocalizedNames>
      <Descriptions />
      <EMailAddress xsi:nil="true"></EMailAddress>
      <SupportingWebsiteUrl xsi:nil="true"></SupportingWebsiteUrl>
      <CustomizationPrefix>mma</CustomizationPrefix>
      <CustomizationOptionValuePrefix>17489</CustomizationOptionValuePrefix>
      <Addresses>
        <Address>
          <AddressNumber>1</AddressNumber>
          <AddressTypeCode>1</AddressTypeCode>
          <City xsi:nil="true"></City>
          <County xsi:nil="true"></County>
          <Country xsi:nil="true"></Country>
          <Fax xsi:nil="true"></Fax>
          <FreightTermsCode xsi:nil="true"></FreightTermsCode>
          <ImportSequenceNumber xsi:nil="true"></ImportSequenceNumber>
          <Latitude xsi:nil="true"></Latitude>
          <Line1 xsi:nil="true"></Line1>
          <Line2 xsi:nil="true"></Line2>
          <Line3 xsi:nil="true"></Line3>
          <Longitude xsi:nil="true"></Longitude>
          <Name xsi:nil="true"></Name>
          <PostalCode xsi:nil="true"></PostalCode>
          <PostOfficeBox xsi:nil="true"></PostOfficeBox>
          <PrimaryContactName xsi:nil="true"></PrimaryContactName>
          <ShippingMethodCode>1</ShippingMethodCode>
          <StateOrProvince xsi:nil="true"></StateOrProvince>
          <Telephone1 xsi:nil="true"></Telephone1>
          <Telephone2 xsi:nil="true"></Telephone2>
          <Telephone3 xsi:nil="true"></Telephone3>
          <TimeZoneRuleVersionNumber xsi:nil="true"></TimeZoneRuleVersionNumber>
          <UPSZone xsi:nil="true"></UPSZone>
          <UTCOffset xsi:nil="true"></UTCOffset>
          <UTCConversionTimeZoneCode xsi:nil="true"></UTCConversionTimeZoneCode>
        </Address>
        <Address>
          <AddressNumber>2</AddressNumber>
          <AddressTypeCode>1</AddressTypeCode>
          <City xsi:nil="true"></City>
          <County xsi:nil="true"></County>
          <Country xsi:nil="true"></Country>
          <Fax xsi:nil="true"></Fax>
          <FreightTermsCode xsi:nil="true"></FreightTermsCode>
          <ImportSequenceNumber xsi:nil="true"></ImportSequenceNumber>
          <Latitude xsi:nil="true"></Latitude>
          <Line1 xsi:nil="true"></Line1>
          <Line2 xsi:nil="true"></Line2>
          <Line3 xsi:nil="true"></Line3>
          <Longitude xsi:nil="true"></Longitude>
          <Name xsi:nil="true"></Name>
          <PostalCode xsi:nil="true"></PostalCode>
          <PostOfficeBox xsi:nil="true"></PostOfficeBox>
          <PrimaryContactName xsi:nil="true"></PrimaryContactName>
          <ShippingMethodCode>1</ShippingMethodCode>
          <StateOrProvince xsi:nil="true"></StateOrProvince>
          <Telephone1 xsi:nil="true"></Telephone1>
          <Telephone2 xsi:nil="true"></Telephone2>
          <Telephone3 xsi:nil="true"></Telephone3>
          <TimeZoneRuleVersionNumber xsi:nil="true"></TimeZoneRuleVersionNumber>
          <UPSZone xsi:nil="true"></UPSZone>
          <UTCOffset xsi:nil="true"></UTCOffset>
          <UTCConversionTimeZoneCode xsi:nil="true"></UTCConversionTimeZoneCode>
        </Address>
      </Addresses>
    </Publisher>
    <RootComponents>
      <RootComponent type="29" id="{f9cb99a4-197d-eb11-a812-000d3a8cc191}" behavior="0" />
    </RootComponents>
    <MissingDependencies>
      <MissingDependency>
        <Required key="0" type="1" schemaName="mma_contactteams" displayName="Contact Teams" solution="Active" />
        <Dependent key="1" type="29" displayName="Create Team or Channel on Approval" id="{f9cb99a4-197d-eb11-a812-000d3a8cc191}" />
      </MissingDependency>
      <MissingDependency>
        <Required key="2" type="1" schemaName="mma_mentoringrequest" displayName="Mentoring-Request" solution="Active" />
        <Dependent key="1" type="29" displayName="Create Team or Channel on Approval" id="{f9cb99a4-197d-eb11-a812-000d3a8cc191}" />
      </MissingDependency>
      <MissingDependency>
        <Required key="3" type="1" schemaName="mma_skills" displayName="Skills" solution="Active" />
        <Dependent key="1" type="29" displayName="Create Team or Channel on Approval" id="{f9cb99a4-197d-eb11-a812-000d3a8cc191}" />
      </MissingDependency>
      <MissingDependency>
        <Required key="4" type="2" schemaName="mma_status" displayName="Request Status" parentSchemaName="mma_mentoringrequest" parentDisplayName="Mentoring-Request" solution="Active" />
        <Dependent key="1" type="29" displayName="Create Team or Channel on Approval" id="{f9cb99a4-197d-eb11-a812-000d3a8cc191}" />
      </MissingDependency>
      <MissingDependency>
        <Required key="5" type="connectionreference" displayName="mma_sharedcommondataservice_4d3ff" solution="Active" id.connectionreferencelogicalname="mma_sharedcommondataservice_4d3ff" />
        <Dependent key="1" type="29" displayName="Create Team or Channel on Approval" id="{f9cb99a4-197d-eb11-a812-000d3a8cc191}" />
      </MissingDependency>
      <MissingDependency>
        <Required key="6" type="connectionreference" displayName="mma_sharedcommondataserviceforapps_c879f" solution="Active" id.connectionreferencelogicalname="mma_sharedcommondataserviceforapps_c879f" />
        <Dependent key="1" type="29" displayName="Create Team or Channel on Approval" id="{f9cb99a4-197d-eb11-a812-000d3a8cc191}" />
      </MissingDependency>
      <MissingDependency>
        <Required key="7" type="connectionreference" displayName="asft_sharedteams_c9469" solution="Active" id.connectionreferencelogicalname="asft_sharedteams_c9469" />
        <Dependent key="1" type="29" displayName="Create Team or Channel on Approval" id="{f9cb99a4-197d-eb11-a812-000d3a8cc191}" />
      </MissingDependency>
    </MissingDependencies>
  </SolutionManifest>
</ImportExportXml>